-- --------------------------------------------------------
-- Host:                         127.0.0.1
-- Server version:               8.0.30 - MySQL Community Server - GPL
-- Server OS:                    Win64
-- HeidiSQL Version:             12.1.0.6537
-- --------------------------------------------------------

/*!40101 SET @OLD_CHARACTER_SET_CLIENT=@@CHARACTER_SET_CLIENT */;
/*!40101 SET NAMES utf8 */;
/*!50503 SET NAMES utf8mb4 */;
/*!40103 SET @OLD_TIME_ZONE=@@TIME_ZONE */;
/*!40103 SET TIME_ZONE='+00:00' */;
/*!40014 SET @OLD_FOREIGN_KEY_CHECKS=@@FOREIGN_KEY_CHECKS, FOREIGN_KEY_CHECKS=0 */;
/*!40101 SET @OLD_SQL_MODE=@@SQL_MODE, SQL_MODE='NO_AUTO_VALUE_ON_ZERO' */;
/*!40111 SET @OLD_SQL_NOTES=@@SQL_NOTES, SQL_NOTES=0 */;

-- Dumping structure for table toko_api.member
CREATE TABLE IF NOT EXISTS `member` (
  `id` bigint unsigned NOT NULL AUTO_INCREMENT,
  `name` varchar(32) CHARACTER SET utf8mb4 COLLATE utf8mb4_unicode_ci NOT NULL,
  `email` varchar(32) CHARACTER SET utf8mb4 COLLATE utf8mb4_unicode_ci NOT NULL,
  `password` varchar(100) CHARACTER SET utf8mb4 COLLATE utf8mb4_unicode_ci NOT NULL,
  `created_at` timestamp NULL DEFAULT NULL,
  `updated_at` timestamp NULL DEFAULT NULL,
  PRIMARY KEY (`id`)
) ENGINE=InnoDB AUTO_INCREMENT=15 DEFAULT CHARSET=utf8mb4 COLLATE=utf8mb4_unicode_ci;

-- Dumping data for table toko_api.member: ~9 rows (approximately)
INSERT INTO `member` (`id`, `name`, `email`, `password`, `created_at`, `updated_at`) VALUES
	(1, 'Melvyn Ferrone', 'mferrone0@independent.co.uk', '82ar048REPCDxoxQSIOmvqmzJvsU.XCZtBjZPFADuKUtDQUPW9WsbONJcLBG', '2022-05-29 15:12:29', '2021-11-05 10:14:54'),
	(2, 'Florance Rosenberger', 'frosenberger1@ft.com', 's2aq04xREPCDxoxQSIOmvqmzJvsU.XCZtBjZPFADuKUtDQUPW9WsbONJcLBG', '2022-09-03 22:59:57', '2022-05-19 15:07:48'),
	(3, 'Noella Grisedale', 'ngrisedale2@apache.org', '72a104qREPCDxoxQSIOmvqmzJvsU.XCZtBjZPFADuKUtDQUPW9WsbONJcLBG', '2022-02-11 20:23:27', '2022-01-13 03:13:22'),
	(4, 'Darlleen Casarili', 'dcasarili3@tinyurl.com', 'v2a404cREPCDxoxQSIOmvqmzJvsU.XCZtBjZPFADuKUtDQUPW9WsbONJcLBG', '2022-09-05 11:06:07', '2022-10-23 15:05:33'),
	(5, 'Emilee Avramovsky', 'eavramovsky4@netscape.com', 'u2a2046REPCDxoxQSIOmvqmzJvsU.XCZtBjZPFADuKUtDQUPW9WsbONJcLBG', '2022-09-28 23:11:56', '2022-09-14 15:09:18'),
	(6, 'nama saya', 'email@gmail.com', '$2y$10$dsy7kVl3JnO5TwUctg0qfOOKdbU4OOr/S9KFVzmDr7MIwnJ06Em0C', '2022-10-31 11:52:42', '2022-10-31 11:52:42'),
	(7, 'nama', 'email@email.com', '$2y$10$qw/8B0pkqFnVQArT.EeMp.mKEvTXT2wCZblPRKsNF2SU9mVxd3KCe', '2022-11-05 11:03:54', '2022-11-05 11:03:54'),
	(9, 'admins', 'email1@email.com', '$2y$10$NETfArpJOuwdXXerFsj.OeuhSrARJrbAdjOctD64GAhpYoXYmCuJq', NULL, NULL),
	(10, 'admins', 'email2@email.com', '$2y$10$JLWKS0.VYycdvtfr4Ay37.0kT9zDv5ontx3Zwj7GbmbebEZI35QNm', NULL, NULL),
	(11, 'admin', 'admin@admin.com', '$2y$10$sTJ4TZcOsF2GDpV8XZF/bexz3NklYi0jECBa2vgdquw6h2IDVVSRq', NULL, NULL),
	(12, 'admin 1', 'admin1@admin.com', '$2y$10$InyUmfQv0utSAJOaSi1WMepj1jZYd5TbcDKzWZZVhwofjt3nNLBOK', NULL, NULL),
	(13, 'test', 'test@gmail.com', '$2y$10$UAkb..UIm5k57M72zgThEOXwjVCy.N.L09k.XhD8qqnGhNG9gDqc2', NULL, NULL),
	(14, 'test', 'testing@gmail.com', '$2y$10$3BxpofwBSM.H/SDsxhBZj./F/lDh3oB018ntGnk72P9rtaSv6vPFy', NULL, NULL);

-- Dumping structure for table toko_api.member_token
CREATE TABLE IF NOT EXISTS `member_token` (
  `id` bigint unsigned NOT NULL AUTO_INCREMENT,
  `member_id` bigint unsigned NOT NULL,
  `auth_key` varchar(255) COLLATE utf8mb4_unicode_ci NOT NULL,
  `created_at` timestamp NULL DEFAULT NULL,
  `updated_at` timestamp NULL DEFAULT NULL,
  PRIMARY KEY (`id`),
  KEY `member_token_member_id_foreign` (`member_id`),
  CONSTRAINT `member_token_member_id_foreign` FOREIGN KEY (`member_id`) REFERENCES `member` (`id`)
) ENGINE=InnoDB AUTO_INCREMENT=23 DEFAULT CHARSET=utf8mb4 COLLATE=utf8mb4_unicode_ci;

-- Dumping data for table toko_api.member_token: ~15 rows (approximately)
INSERT INTO `member_token` (`id`, `member_id`, `auth_key`, `created_at`, `updated_at`) VALUES
	(1, 7, '$2y$10$M8BO8zKRBZ.s7bftBbd.Duz1wzigiBWxdyWvfWD/gllYtXtrMHIHS', '2022-11-05 11:39:15', '2022-11-05 11:39:15'),
	(2, 7, '$2y$10$5glDW6akRX9A27tZb1aGIO/ckSCH.2Ck7PUhD/P8p1T8Zl88hw/nG', '2022-11-05 11:44:27', '2022-11-05 11:44:27'),
	(3, 7, '$2y$10$tVzN6WZYHTw/NjdMyt5ngeovsHBfLQ3HiM9AKm4KD1dwB239E5/RS', '2022-11-05 11:44:30', '2022-11-05 11:44:30'),
	(4, 9, '$2y$10$zFY0ly/GOk09PViaAt.LIuDQTSir0EIY4tb.I2XAfWno7mgpAcTji', NULL, NULL),
	(5, 9, '$2y$10$JnrZYhfwN6gIxb8dvjumoe5XDvKQ0KnIRWK5LrDORTzqcbF858CFi', NULL, NULL),
	(6, 9, '$2y$10$2ceKfvH24W27qc72iDt0C.gEQ8X.5uI3jhRSL0d2U00NNOrgV.6GK', NULL, NULL),
	(7, 9, '$2y$10$MEzuDwv4W8UdeoP9GYDq7esgd.Ufi2cGGhrloeGxcO0YIkeUTiVuO', NULL, NULL),
	(8, 9, '$2y$10$B0vClAQRy/zdr7G.ojA18OQ1/jManNSarD2RIgv5ctLocwhQlr5Vy', NULL, NULL),
	(9, 9, '$2y$10$1t2cybgoFnmMKnEg.Tsk3ukr/Ija.nkbJ0vVelU8VlWCnmuRGLGKe', NULL, NULL),
	(10, 9, '$2y$10$Xg4KvxExYdAFH/575ExrJ.t36Q8TOVTkl0LLBMxr8oBfbGovrc0FK', NULL, NULL),
	(11, 9, '$2y$10$IbgLOlSr4tGocqnUq/p/2uarpoqfXrBhZWfWqWJWhRLOMNM3E4LMy', NULL, NULL),
	(12, 9, '$2y$10$E1DwKOqOuUVaMsm/5gWop.r9YwpSQ3oVsHY7c8VnlcTD8lW1iWhFq', NULL, NULL),
	(13, 9, '$2y$10$s8u6uGNSeE8GK2Q50ntZk.kcCMwWAZCqecRhBuIg.NVwWjw08v2de', NULL, NULL),
	(14, 12, '$2y$10$PFvdnhLQvRKgrGE1ZR1w9OZTZ4WJy0g45k4YvubNeRj.nEwlVQagW', NULL, NULL),
	(15, 11, '$2y$10$CJfwSW4ktkCGtLhpcrByOOxg76PagW.cP4g4MTjcueb7eVfD5qi4C', NULL, NULL),
	(16, 12, '$2y$10$.GOiAw8QqL.BVXNxv6xdSOJx5lwEBr.atLiu8byBbZaqxYTD56c2C', NULL, NULL),
	(17, 9, '$2y$10$L6GxirIBdFXtmSZXrYpGROYsY1aORfRULg4f0ShVwxvMo14nHo8Ri', NULL, NULL),
	(18, 9, '$2y$10$FxNIb3ANgrDyltnXsU2lh.WC8zODAA6xyHSC0TYBbQkOqOWRI6a3K', NULL, NULL),
	(19, 9, '$2y$10$FXfzt3eVw5z9XVSmtCR/eOBOvt9.MIN4vIN904AVcXtHqqgTHwz0q', NULL, NULL),
	(20, 9, '$2y$10$UCxcVuN0LiOdQ6UEopKuiu1CICAKyiAt5.qgSBf.WAM1Pyx9i0wHK', NULL, NULL),
	(21, 9, '$2y$10$vrouA7j0KV8yjLFmh.jlq.e2huz0d4iw/YeZliBNU2KDZtPf7UUfG', NULL, NULL),
	(22, 14, '$2y$10$WLSLPhU2tPR26NrByfB8p.0IZhl4w9EEKcEJTDm5bfRzbcQ7OHkEK', NULL, NULL);

-- Dumping structure for table toko_api.migrations
CREATE TABLE IF NOT EXISTS `migrations` (
  `id` int unsigned NOT NULL AUTO_INCREMENT,
  `migration` varchar(255) COLLATE utf8mb4_unicode_ci NOT NULL,
  `batch` int NOT NULL,
  PRIMARY KEY (`id`)
) ENGINE=InnoDB AUTO_INCREMENT=17 DEFAULT CHARSET=utf8mb4 COLLATE=utf8mb4_unicode_ci;

-- Dumping data for table toko_api.migrations: ~3 rows (approximately)
INSERT INTO `migrations` (`id`, `migration`, `batch`) VALUES
	(14, '2022_10_31_061635_member', 1),
	(15, '2022_10_31_062454_member_token', 1),
	(16, '2022_10_31_062711_produk', 1);

-- Dumping structure for table toko_api.produk
CREATE TABLE IF NOT EXISTS `produk` (
  `id` bigint unsigned NOT NULL AUTO_INCREMENT,
  `kode_produk` varchar(255) COLLATE utf8mb4_unicode_ci NOT NULL,
  `nama_produk` varchar(255) COLLATE utf8mb4_unicode_ci NOT NULL,
  `harga` bigint NOT NULL,
  `created_at` timestamp NULL DEFAULT NULL,
  `updated_at` timestamp NULL DEFAULT NULL,
  PRIMARY KEY (`id`)
) ENGINE=InnoDB AUTO_INCREMENT=507 DEFAULT CHARSET=utf8mb4 COLLATE=utf8mb4_unicode_ci;

-- Dumping data for table toko_api.produk: ~500 rows (approximately)
INSERT INTO `produk` (`id`, `kode_produk`, `nama_produk`, `harga`, `created_at`, `updated_at`) VALUES
	(2, '5638103627', 'Pork - Backs - Boneless', 132211, '2022-10-10 21:50:44', '2022-02-01 11:28:07'),
	(3, '4774459755', 'Kale - Red', 132767, '2022-01-11 05:30:58', '2022-08-05 10:10:48'),
	(4, '8747675799', 'Bar Mix - Lemon', 107440, '2022-02-09 17:24:13', '2022-08-10 02:19:37'),
	(5, '0488842379', 'Pasta - Detalini, White, Fresh', 118361, '2022-08-01 08:08:06', '2022-10-15 18:59:42'),
	(6, '4004505909', 'Whmis Spray Bottle Graduated', 29031, '2022-06-03 16:29:24', '2022-01-07 17:55:33'),
	(7, '7672921517', 'Horseradish - Prepared', 146395, '2022-06-13 20:13:52', '2022-09-06 15:54:57'),
	(8, '3586229895', 'Juice - Lagoon Mango', 44323, '2022-04-30 19:56:57', '2021-11-15 02:23:35'),
	(9, '0403744180', 'Steam Pan Full Lid', 15117, '2022-07-31 20:11:14', '2022-08-23 03:58:42'),
	(10, '9924686543', 'Soup Campbells - Tomato Bisque', 11239, '2022-02-22 19:49:41', '2022-05-16 17:58:09'),
	(11, '0839864426', 'Lamb Shoulder Boneless Nz', 168267, '2022-08-13 06:48:04', '2022-03-25 23:53:23'),
	(12, '3982326699', 'Potatoes - Mini White 3 Oz', 54507, '2022-07-05 04:32:39', '2022-03-17 19:45:11'),
	(13, '8975603113', 'Chips Potato Salt Vinegar 43g', 137709, '2022-07-07 16:59:42', '2022-09-16 01:05:43'),
	(14, '5877084224', 'Sugar - Brown', 133190, '2022-05-13 15:32:21', '2022-10-23 22:33:23'),
	(15, '9520074988', 'Oil - Pumpkinseed', 70690, '2022-05-22 22:14:25', '2022-07-02 19:44:03'),
	(16, '4733911149', 'Langers - Cranberry Cocktail', 68301, '2022-04-01 03:28:10', '2021-11-09 03:03:58'),
	(17, '5377300327', 'Lettuce - Escarole', 51883, '2021-12-01 21:23:08', '2022-02-15 00:48:47'),
	(18, '4832540823', 'Pork - Ham Hocks - Smoked', 58933, '2022-08-27 14:44:04', '2022-01-28 18:49:05'),
	(19, '9206044427', 'Persimmons', 77044, '2022-08-19 02:56:07', '2022-01-23 18:54:21'),
	(20, '3890872166', 'Wine - Shiraz Wolf Blass Premium', 138567, '2022-04-29 13:00:16', '2022-01-23 18:14:25'),
	(21, '3877229611', 'Apple - Northern Spy', 23228, '2021-12-19 23:08:45', '2022-07-31 23:58:49'),
	(22, '8342348407', 'Dragon Fruit', 67786, '2022-04-06 07:11:55', '2022-04-29 14:43:09'),
	(23, '2601943521', 'Squid - Breaded', 34591, '2021-10-31 08:32:52', '2022-10-19 13:38:02'),
	(24, '1752628314', 'Carbonated Water - White Grape', 136078, '2022-03-19 13:28:50', '2022-06-12 04:28:08'),
	(25, '2097834280', 'Soup Campbells Beef With Veg', 10123, '2022-10-21 15:55:31', '2022-09-08 14:35:51'),
	(26, '8594669895', 'Sauce - Fish 25 Ozf Bottle', 83135, '2022-09-18 22:04:36', '2022-06-20 17:56:16'),
	(27, '5230932791', 'Pastry - Cherry Danish - Mini', 135415, '2022-06-22 06:25:36', '2022-07-31 00:48:38'),
	(28, '9646361331', 'Dip - Tapenade', 84512, '2021-12-27 09:56:55', '2022-07-27 19:13:00'),
	(29, '9610909523', 'Curry Powder', 91368, '2022-02-19 22:55:56', '2022-10-12 07:52:56'),
	(30, '4659211649', 'Wine - Cava Aria Estate Brut', 192637, '2022-07-28 22:09:08', '2022-04-25 08:19:39'),
	(31, '9161922536', 'Laundry - Bag Cloth', 94148, '2021-11-14 20:55:23', '2021-11-17 20:47:53'),
	(32, '4367506231', 'Napkin Colour', 193419, '2022-02-23 12:02:58', '2022-02-11 04:51:19'),
	(33, '9694424291', 'Beef Cheek Fresh', 165116, '2022-02-18 01:56:24', '2022-05-24 13:21:10'),
	(34, '6833827214', 'Basil - Thai', 134314, '2021-11-03 01:15:00', '2022-06-17 10:12:04'),
	(35, '4917689236', 'Pork - Back, Long Cut, Boneless', 55154, '2021-11-22 16:36:39', '2022-02-07 03:02:37'),
	(36, '7680813795', 'Beef - Montreal Smoked Brisket', 198816, '2021-11-26 00:36:52', '2022-04-05 04:31:46'),
	(37, '7588937971', 'Lamb Rack Frenched Australian', 124773, '2022-02-21 16:24:03', '2022-10-19 15:01:30'),
	(38, '4694813862', 'Pastry - Raisin Muffin - Mini', 74346, '2022-06-09 15:13:17', '2022-05-26 02:07:18'),
	(39, '3412400254', 'Oil - Coconut', 183664, '2022-10-19 20:12:30', '2022-10-05 12:58:41'),
	(40, '1601642903', 'Lumpfish Black', 26518, '2022-05-03 20:03:48', '2022-05-21 09:47:59'),
	(41, '1134075294', 'Longos - Burritos', 22726, '2022-07-03 11:40:32', '2022-02-25 17:05:03'),
	(42, '0472693972', 'Cod - Salted, Boneless', 56763, '2022-08-08 23:44:11', '2022-02-20 06:51:21'),
	(43, '5573859390', 'Bagel - Sesame Seed Presliced', 146236, '2022-04-29 03:46:44', '2022-01-29 10:10:10'),
	(44, '2558598198', 'Sauce Tomato Pouch', 44225, '2022-03-03 10:32:09', '2022-01-28 15:43:38'),
	(45, '5518456638', 'Coffee - Espresso', 121784, '2022-06-03 07:16:54', '2021-12-26 22:57:47'),
	(46, '7919035422', 'Tomato - Peeled Italian Canned', 70589, '2022-06-20 00:54:49', '2022-09-13 08:11:34'),
	(47, '9954172866', 'Hog / Sausage Casing - Pork', 145701, '2022-02-06 19:03:02', '2022-08-11 02:26:07'),
	(48, '9799943531', 'Carbonated Water - Cherry', 166318, '2022-03-11 19:42:14', '2022-05-21 20:58:46'),
	(49, '3399906153', 'Teriyaki Sauce', 102445, '2021-11-13 22:57:21', '2022-06-13 06:21:49'),
	(50, '5918110992', 'Lighter - Bbq', 119242, '2022-10-13 03:22:08', '2022-09-02 14:27:30'),
	(51, '1232892653', 'Wine - Penfolds Koonuga Hill', 102025, '2022-01-16 15:05:25', '2022-02-02 14:37:42'),
	(52, '5200885078', 'Pimento - Canned', 180269, '2022-06-16 23:40:11', '2022-01-02 20:39:46'),
	(53, '0456127623', 'Spice - Paprika', 22562, '2022-06-23 07:32:52', '2022-10-18 08:28:12'),
	(54, '7773966354', 'Glaze - Clear', 51332, '2022-06-09 00:34:09', '2022-04-14 23:18:41'),
	(55, '0588528447', 'Baking Soda', 160153, '2022-04-19 14:35:30', '2022-06-20 15:07:29'),
	(56, '5950270495', 'Water - Evian 355 Ml', 103428, '2022-03-17 18:01:08', '2022-06-21 16:14:06'),
	(57, '6348340023', 'Bacardi Mojito', 13483, '2022-07-13 09:21:59', '2022-02-14 14:07:47'),
	(58, '1806059584', 'Salt - Kosher', 32593, '2021-12-22 15:38:31', '2021-12-07 06:19:43'),
	(59, '3570465713', 'Nut - Pistachio, Shelled', 157647, '2022-05-18 15:12:37', '2022-08-02 08:43:25'),
	(60, '1620051222', 'Radish', 102046, '2022-06-14 07:50:45', '2022-04-23 06:09:26'),
	(61, '4873024358', 'Carrots - Mini Red Organic', 161218, '2021-12-23 01:02:15', '2022-04-21 15:47:07'),
	(62, '4777182169', 'Wine - Marlbourough Sauv Blanc', 97991, '2021-12-13 09:41:02', '2022-08-24 13:10:02'),
	(63, '5035459292', 'Muffin Batt - Blueberry Passion', 43811, '2022-09-19 20:08:59', '2022-09-07 23:50:40'),
	(64, '2873537205', 'Lentils - Green, Dry', 187738, '2022-10-28 15:34:48', '2021-12-06 13:51:13'),
	(65, '6574570948', 'Garbage Bags - Black', 19279, '2022-03-01 22:20:10', '2022-01-11 10:45:10'),
	(66, '8445765388', 'Muffin Mix - Oatmeal', 164959, '2022-07-14 19:04:29', '2022-08-18 03:37:55'),
	(67, '5867042057', 'Yogurt - Strawberry, 175 Gr', 143160, '2022-01-24 12:13:14', '2022-10-30 04:27:29'),
	(68, '8281895330', 'Sterno - Chafing Dish Fuel', 24019, '2022-06-22 23:11:33', '2022-02-09 05:01:30'),
	(69, '7513420459', 'Muffin Mix - Banana Nut', 84009, '2022-01-06 08:43:39', '2022-05-31 02:19:44'),
	(70, '1755220499', 'Oil - Macadamia', 191999, '2021-12-04 19:15:23', '2022-09-18 08:10:06'),
	(71, '3052427059', 'Macaroons - Homestyle Two Bit', 69448, '2022-04-29 04:10:11', '2021-11-26 19:50:24'),
	(72, '5679667843', 'Appetizer - Southwestern', 52955, '2022-07-27 22:40:11', '2022-03-25 10:29:18'),
	(73, '6192381542', 'Cardamon Ground', 168837, '2022-02-25 07:34:30', '2022-05-01 04:13:51'),
	(74, '0796252777', 'Bread - Rolls, Rye', 67499, '2022-09-24 15:46:47', '2022-01-12 02:19:09'),
	(75, '7008258097', 'Nut - Macadamia', 57804, '2022-08-25 20:48:09', '2022-07-06 08:25:37'),
	(77, '7359923557', 'Dr. Pepper - 355ml', 82664, '2021-12-25 17:07:30', '2022-08-11 03:08:40'),
	(78, '1181848253', 'Truffle - Peelings', 136968, '2022-06-05 15:49:28', '2022-05-22 00:01:42'),
	(79, '3022257376', 'Pasta - Lasagna Noodle, Frozen', 80113, '2022-01-17 04:12:36', '2022-10-07 12:57:13'),
	(80, '2236738048', 'Apples - Spartan', 77198, '2022-05-04 16:57:51', '2022-06-17 08:10:15'),
	(81, '6779600652', 'Currants', 92045, '2022-04-12 10:30:14', '2022-10-24 22:54:39'),
	(82, '2061971016', 'Miso - Soy Bean Paste', 97812, '2022-10-20 14:06:41', '2021-12-27 00:02:52'),
	(83, '7357498530', 'Appetizer - Southwestern', 115798, '2022-06-08 19:26:08', '2022-10-11 18:48:25'),
	(84, '6497182802', 'Oxtail - Cut', 22628, '2021-12-19 15:20:51', '2022-07-16 03:10:12'),
	(85, '7479526245', 'Fish - Halibut, Cold Smoked', 55480, '2022-01-19 02:49:06', '2022-06-28 02:13:10'),
	(86, '7599301453', 'Cardamon Ground', 143897, '2022-01-25 01:46:42', '2022-04-17 13:36:38'),
	(87, '9044663577', 'Sauce - Cranberry', 108834, '2022-06-17 16:04:17', '2022-10-18 00:46:58'),
	(88, '9664360929', 'Cheese Cloth No 100', 45575, '2021-12-26 19:25:16', '2022-01-01 00:55:35'),
	(89, '7175752822', 'Beans - Kidney, Canned', 68643, '2022-05-01 22:14:34', '2022-01-06 17:55:19'),
	(90, '4967010814', 'Wine - Cabernet Sauvignon', 118460, '2022-09-28 06:38:28', '2021-12-19 07:55:25'),
	(91, '4008960201', 'Gatorade - Lemon Lime', 140604, '2022-10-09 01:49:23', '2022-03-03 07:45:54'),
	(92, '9837711523', 'Zucchini - Green', 101224, '2022-01-16 15:39:15', '2021-11-10 21:24:12'),
	(94, '9900334965', 'Pasta - Linguini, Dry', 70105, '2022-09-20 17:55:34', '2022-02-08 11:40:14'),
	(95, '7790783440', 'Spice - Onion Powder Granulated', 194118, '2022-02-17 11:15:26', '2022-01-04 14:34:40'),
	(96, '4782230478', 'Rappini - Andy Boy', 150394, '2022-05-25 13:59:31', '2022-09-02 06:28:38'),
	(97, '0177193956', 'Limes', 12000, '2021-11-08 11:48:30', '2022-12-10 10:31:17'),
	(98, '1026078857', 'Turnip - Mini', 135519, '2022-04-19 00:41:10', '2022-08-13 02:15:26'),
	(99, '4726805754', 'Soup Campbells - Italian Wedding', 54388, '2022-05-17 22:14:12', '2021-11-27 13:36:25'),
	(100, '6390238010', 'Glaze - Apricot', 112707, '2022-01-02 08:54:02', '2022-05-08 16:31:58'),
	(101, '4177357316', 'Broom - Push', 57778, '2021-11-27 15:34:59', '2021-12-02 15:38:24'),
	(102, '4280411034', 'Juice - Tomato, 10 Oz', 155301, '2022-02-17 12:28:08', '2022-07-24 06:01:39'),
	(103, '8361256431', 'Sage Ground Wiberg', 52697, '2022-03-29 23:26:26', '2022-06-28 23:54:59'),
	(104, '6839985415', 'Drambuie', 38132, '2022-09-02 16:07:18', '2021-11-13 14:36:30'),
	(105, '3107518573', 'Island Oasis - Peach Daiquiri', 112441, '2022-05-23 20:06:12', '2022-08-06 23:34:03'),
	(106, '2296835112', 'Kippers - Smoked', 13964, '2022-01-15 19:06:00', '2022-04-27 01:32:45'),
	(107, '7632715487', 'Rabbit - Legs', 177054, '2022-01-17 01:42:30', '2022-05-21 06:16:37'),
	(108, '2583633244', 'Cut Wakame - Hanawakaba', 57811, '2022-01-20 00:45:59', '2021-11-05 05:23:01'),
	(109, '5188709155', 'Pur Source', 91120, '2022-08-18 18:16:31', '2022-08-07 19:58:02'),
	(110, '2099409706', 'Chicken - Breast, 5 - 7 Oz', 180983, '2022-04-12 15:16:22', '2022-07-21 09:54:38'),
	(111, '5714751353', 'Dates', 133223, '2022-03-25 16:08:26', '2022-02-27 22:15:00'),
	(112, '1448370787', 'Lamb - Leg, Bone In', 37523, '2022-06-19 15:15:11', '2022-06-13 11:27:15'),
	(113, '9968225134', 'Table Cloth 53x69 White', 56168, '2022-01-09 18:24:10', '2021-12-09 11:32:06'),
	(114, '4818060828', 'Pork - Bacon Cooked Slcd', 33174, '2022-01-12 18:45:51', '2022-09-19 02:08:33'),
	(115, '7711131917', 'Beer - True North Strong Ale', 126306, '2021-11-22 10:02:12', '2022-07-07 19:43:18'),
	(116, '7470090436', 'Oil - Grapeseed Oil', 192031, '2022-05-16 10:17:05', '2022-06-04 14:26:39'),
	(117, '8994413995', 'Soup - Knorr, Chicken Gumbo', 24940, '2022-10-21 05:53:28', '2021-11-29 08:09:02'),
	(118, '0567092968', 'Nut - Walnut, Pieces', 101614, '2022-07-29 06:20:22', '2022-06-30 02:00:21'),
	(119, '7521575482', 'Godiva White Chocolate', 118405, '2022-01-21 04:47:45', '2022-04-11 13:51:22'),
	(120, '3559827477', 'Ecolab - Lime - A - Way 4/4 L', 178565, '2022-07-07 05:28:48', '2022-10-20 19:05:53'),
	(121, '6894739137', 'Lobster - Tail, 3 - 4 Oz', 127927, '2022-01-05 21:02:37', '2021-11-01 15:16:40'),
	(122, '4465807805', 'Lamb Rack - Ontario', 180075, '2022-05-21 07:37:10', '2022-05-10 11:08:20'),
	(123, '1809585260', 'Veal - Ground', 110050, '2021-12-02 20:31:17', '2022-09-27 05:52:35'),
	(124, '3818518882', 'Triple Sec - Mcguinness', 64529, '2022-04-06 06:46:21', '2022-10-24 22:23:38'),
	(125, '2901716148', 'Glass - Juice Clear 5oz 55005', 97553, '2022-02-21 20:18:01', '2022-10-12 03:22:52'),
	(126, '4660630986', 'Mushroom - Crimini', 112921, '2022-10-24 21:59:03', '2022-02-19 06:59:24'),
	(127, '6306135146', 'Wine - Beringer Founders Estate', 146478, '2022-06-19 17:42:59', '2022-10-12 22:37:08'),
	(128, '0746373007', 'Iced Tea - Lemon, 340ml', 174123, '2022-06-06 21:10:29', '2022-03-09 21:36:15'),
	(129, '0049610600', 'Peppercorns - Green', 182640, '2022-04-30 18:23:04', '2022-05-15 15:50:32'),
	(130, '5856980735', 'Papayas', 128585, '2022-02-03 03:10:06', '2022-10-24 15:10:48'),
	(131, '9370075186', 'Appetizer - Chicken Satay', 62994, '2021-12-13 20:31:08', '2022-01-27 12:49:34'),
	(132, '5740480515', 'Plate - Foam, Bread And Butter', 63589, '2022-09-23 19:48:46', '2022-01-06 16:05:48'),
	(133, '4518802446', 'Broom - Push', 182518, '2021-12-30 10:21:21', '2022-04-29 09:12:08'),
	(134, '1583396691', 'Pork - Tenderloin, Frozen', 169667, '2022-10-23 13:02:36', '2022-05-27 10:16:19'),
	(135, '0278717888', 'Crab - Imitation Flakes', 116784, '2022-10-16 21:02:16', '2022-04-10 12:39:52'),
	(136, '7060073159', 'Squash - Guords', 169358, '2022-03-19 07:19:15', '2022-06-02 21:07:59'),
	(137, '7716121340', 'Bread - Hamburger Buns', 176654, '2022-09-20 16:33:49', '2022-03-14 21:26:53'),
	(138, '6438103551', 'Beer - Fruli', 79791, '2022-09-11 00:45:15', '2022-05-05 18:42:42'),
	(139, '3142635815', 'Lid - 0090 Clear', 65474, '2022-06-30 03:36:22', '2022-02-17 16:49:49'),
	(140, '4320521560', 'Calypso - Lemonade', 137926, '2021-12-21 05:05:40', '2022-02-23 03:04:20'),
	(141, '1628089083', 'Sambuca - Ramazzotti', 104292, '2022-07-07 09:58:00', '2022-01-31 17:50:40'),
	(142, '5841475592', 'Halibut - Fletches', 42490, '2021-11-23 16:15:47', '2022-10-17 11:28:46'),
	(143, '2784054470', 'Yukon Jack', 19457, '2022-08-10 10:19:19', '2022-08-11 16:27:34'),
	(144, '7393571250', 'Mushroom - Oyster, Fresh', 162505, '2022-07-28 23:49:18', '2022-05-08 12:41:43'),
	(145, '4478863296', 'Cucumber - English', 18099, '2022-01-02 02:11:24', '2022-08-28 04:48:39'),
	(146, '3199435831', 'Squash - Butternut', 58795, '2022-09-22 10:49:36', '2022-06-07 22:19:01'),
	(147, '6063613390', 'Cup - 4oz Translucent', 64947, '2022-08-31 01:22:26', '2022-07-05 13:43:39'),
	(148, '3690053668', 'Cake Slab', 195371, '2022-03-09 15:54:21', '2021-11-25 09:17:03'),
	(149, '0325676860', 'Soda Water - Club Soda, 355 Ml', 188280, '2021-12-17 20:29:50', '2022-02-19 12:32:41'),
	(150, '8990449413', 'Baking Powder', 22208, '2022-04-05 14:30:07', '2022-01-01 16:59:29'),
	(151, '7768981944', 'Sage - Fresh', 34364, '2022-02-03 20:53:53', '2022-01-04 17:29:09'),
	(152, '9340384202', 'Crackers - Trio', 83593, '2021-11-05 14:07:13', '2022-05-16 10:52:10'),
	(153, '8157791227', 'Turnip - Mini', 102994, '2022-10-15 23:39:40', '2022-01-28 11:09:06'),
	(154, '1278508236', 'Coke - Diet, 355 Ml', 15212, '2022-06-13 00:23:25', '2022-10-13 15:53:32'),
	(155, '6673133333', 'Lettuce - Frisee', 162667, '2022-06-11 20:21:11', '2022-07-09 05:20:54'),
	(156, '3679310811', 'Wine - White, Schroder And Schyl', 158089, '2021-10-30 18:15:50', '2022-09-06 23:08:31'),
	(157, '4149689334', 'Coffee Decaf Colombian', 90896, '2022-06-15 02:26:58', '2022-08-13 00:02:33'),
	(158, '5641159743', 'Mackerel Whole Fresh', 112295, '2022-01-17 03:31:20', '2022-06-14 18:36:00'),
	(159, '8759256192', 'Oregano - Dry, Rubbed', 94552, '2022-04-27 23:03:05', '2022-01-17 03:02:31'),
	(160, '0583928196', 'Pate - Liver', 57957, '2022-08-12 01:23:00', '2022-10-11 17:40:07'),
	(161, '3557559440', 'Poppy Seed', 56973, '2022-09-29 09:24:45', '2022-04-23 19:48:42'),
	(162, '2405789531', 'Pur Source', 121598, '2022-03-01 07:53:37', '2022-08-18 19:25:22'),
	(163, '7071333297', 'Lamb Rack - Ontario', 170964, '2022-08-07 13:55:50', '2022-10-08 20:44:35'),
	(164, '6733987554', 'Oysters - Smoked', 76004, '2022-01-08 10:53:27', '2022-03-27 13:56:26'),
	(165, '8476678606', 'Muffin Batt - Choc Chk', 177064, '2021-12-21 09:43:09', '2022-03-04 06:29:26'),
	(166, '6766912898', 'Longos - Greek Salad', 194146, '2021-12-12 04:55:51', '2021-12-24 10:47:17'),
	(167, '4163300864', 'Lemonade - Island Tea, 591 Ml', 15933, '2022-02-13 03:07:21', '2022-06-25 01:58:53'),
	(168, '8391243028', 'Food Colouring - Pink', 199117, '2022-06-07 16:50:54', '2022-08-11 08:30:51'),
	(169, '8259982641', 'Paper Cocktail Umberlla 80 - 180', 33490, '2022-04-01 20:42:25', '2022-08-23 10:01:10'),
	(170, '8502939505', 'Table Cloth 54x54 White', 81737, '2022-01-08 10:17:41', '2022-07-08 12:14:52'),
	(171, '4362727019', 'Lamb - Bones', 74822, '2022-01-03 18:31:51', '2022-05-30 05:49:25'),
	(172, '1804143170', 'Beef - Ox Tongue, Pickled', 164809, '2021-12-15 19:50:16', '2022-08-20 15:06:14'),
	(173, '7383560264', 'Pastry - Plain Baked Croissant', 155574, '2022-02-26 12:38:49', '2022-04-07 04:48:49'),
	(174, '0898287839', 'Pasta - Penne Primavera, Single', 173462, '2022-02-22 17:22:00', '2022-03-17 05:29:00'),
	(175, '0088097919', 'Fudge - Chocolate Fudge', 125589, '2021-11-19 08:01:19', '2022-09-26 19:47:32'),
	(176, '6895468994', 'Cleaner - Pine Sol', 164486, '2022-01-13 20:38:42', '2022-03-22 23:53:17'),
	(177, '9765169019', 'Thyme - Dried', 114931, '2022-04-10 05:27:37', '2022-07-25 09:16:12'),
	(178, '7040347601', 'Coffee - Frthy Coffee Crisp', 197198, '2022-06-25 07:51:06', '2021-11-26 23:56:25'),
	(179, '7718413225', 'Eggs - Extra Large', 155183, '2021-11-21 16:15:56', '2022-04-14 14:09:14'),
	(180, '1354243935', 'Samosa - Veg', 192367, '2022-10-06 12:21:03', '2022-05-23 21:54:23'),
	(181, '7889270321', 'Pastry - Cherry Danish - Mini', 146630, '2022-10-03 16:36:19', '2022-01-13 14:44:50'),
	(182, '9528803814', 'Clams - Bay', 31331, '2022-02-17 00:52:01', '2022-07-23 19:46:51'),
	(183, '2471454410', 'Wine - Placido Pinot Grigo', 197852, '2021-12-31 02:50:40', '2022-09-25 19:51:41'),
	(184, '0691147000', 'Container Clear 8 Oz', 120385, '2022-07-17 10:45:10', '2021-12-12 23:09:02'),
	(185, '4316561871', 'Beans - Turtle, Black, Dry', 168828, '2022-02-07 10:40:38', '2022-07-02 06:18:59'),
	(186, '0196599032', 'Coconut - Shredded, Sweet', 149374, '2022-10-26 11:12:49', '2022-07-23 02:32:37'),
	(187, '1077451784', 'Wine - Shiraz South Eastern', 27991, '2022-06-27 18:04:17', '2022-03-18 09:59:16'),
	(188, '0657524239', 'Lemon Tarts', 187144, '2022-05-28 17:31:09', '2022-06-22 02:20:59'),
	(189, '8123856938', 'Chocolate Liqueur - Godet White', 114764, '2022-07-10 01:24:43', '2022-08-25 00:40:51'),
	(190, '9663097914', 'Mints - Striped Red', 174987, '2022-08-05 00:31:27', '2022-06-20 15:08:40'),
	(191, '0666994935', 'Truffle Paste', 94097, '2022-06-23 06:31:56', '2022-05-28 17:50:08'),
	(192, '5267873586', 'Apple - Delicious, Golden', 171304, '2021-12-21 13:50:40', '2022-02-11 18:11:27'),
	(193, '3304412956', 'Bread - Bagels, Mini', 166440, '2022-09-28 17:56:09', '2022-08-04 08:37:32'),
	(194, '3794013190', 'Clementine', 157507, '2022-01-25 00:03:15', '2021-11-12 05:41:08'),
	(195, '7118334820', 'Bread - Bagels, Mini', 198788, '2022-04-06 11:10:25', '2022-08-06 10:45:11'),
	(196, '2782940678', 'Drambuie', 130412, '2022-03-15 19:23:44', '2021-11-21 23:38:20'),
	(197, '0644923210', 'Pastry - Baked Scones - Mini', 103312, '2022-07-10 12:28:38', '2022-10-04 08:36:54'),
	(198, '0354132407', 'Island Oasis - Pina Colada', 11582, '2022-01-20 05:55:07', '2021-12-03 17:04:50'),
	(199, '1230644040', 'Soup - Campbells, Creamy', 47858, '2021-11-13 06:00:30', '2021-11-03 22:47:08'),
	(200, '1563940914', 'Squid - Tubes / Tenticles 10/20', 143137, '2022-03-10 06:33:21', '2022-10-08 13:08:27'),
	(201, '7724583145', 'Coffee - Hazelnut Cream', 51319, '2022-03-31 21:48:22', '2022-05-30 08:23:40'),
	(202, '3642559948', 'Squash - Pattypan, Yellow', 44148, '2022-07-23 11:19:06', '2021-12-20 06:11:41'),
	(203, '6509175002', 'Chicken - Leg, Fresh', 167106, '2022-02-16 23:08:26', '2021-11-21 01:22:01'),
	(204, '2169692223', 'Myers Planters Punch', 145396, '2021-11-25 19:57:29', '2022-05-09 05:08:09'),
	(205, '1846096375', 'Tahini Paste', 78164, '2022-05-18 13:59:54', '2021-11-30 07:15:22'),
	(206, '4836412609', 'Wine - Red, Concha Y Toro', 121198, '2021-11-26 05:08:01', '2022-08-12 23:47:10'),
	(207, '9196955295', 'Container - Clear 16 Oz', 166718, '2022-07-27 11:42:44', '2022-04-07 18:18:10'),
	(208, '7855141847', 'Cookie Dough - Chunky', 130162, '2021-12-15 07:14:38', '2022-05-21 00:24:10'),
	(209, '7287029413', 'Ice Cream Bar - Hageen Daz To', 184156, '2022-08-07 20:53:34', '2022-04-05 12:36:10'),
	(210, '1980092184', 'Coffee - Dark Roast', 53259, '2022-05-10 16:35:06', '2022-10-19 07:21:30'),
	(211, '3985826625', 'Pie Pecan', 154152, '2022-03-27 11:37:27', '2022-10-23 07:04:47'),
	(212, '7232960727', 'Mince Meat - Filling', 152624, '2022-10-23 19:00:57', '2022-07-09 15:49:37'),
	(213, '8695486958', 'Lobster - Tail 6 Oz', 89934, '2022-04-03 20:24:11', '2022-10-03 08:57:03'),
	(214, '5664673249', 'Wine - Remy Pannier Rose', 89680, '2022-10-11 21:07:31', '2022-03-24 10:42:54'),
	(215, '5124224754', 'Muffin - Blueberry Individual', 26839, '2021-12-19 09:35:47', '2022-09-17 14:37:17'),
	(216, '4541414732', 'Bagelers - Cinn / Brown Sugar', 60677, '2022-01-17 20:03:44', '2022-07-25 12:51:46'),
	(217, '2715322666', 'Pur Value', 59186, '2021-11-16 00:07:37', '2021-12-19 12:42:21'),
	(218, '7412457799', 'Pork - Tenderloin, Frozen', 123009, '2022-07-14 14:41:21', '2022-05-16 12:23:57'),
	(219, '8442061339', 'Sprouts - Alfalfa', 92091, '2022-10-05 22:20:08', '2022-10-11 06:05:01'),
	(220, '7452879732', 'Lettuce - Green Leaf', 119844, '2022-10-23 12:11:07', '2022-09-24 05:55:45'),
	(221, '3595122739', 'Pasta - Fettuccine, Egg, Fresh', 98076, '2022-10-25 21:40:29', '2021-11-08 11:15:44'),
	(222, '5600457510', 'Bouq All Italian - Primerba', 13660, '2022-06-13 11:41:58', '2022-08-25 21:27:06'),
	(223, '3951828161', 'Veal - Brisket, Provimi,bnls', 167859, '2021-12-08 10:53:01', '2022-07-12 03:25:09'),
	(224, '2642223485', 'Bandage - Finger Cots', 71190, '2022-10-10 14:08:06', '2022-08-16 13:57:24'),
	(225, '3152355084', 'Fish - Halibut, Cold Smoked', 194724, '2022-05-29 18:30:05', '2021-11-04 07:12:09'),
	(226, '1562176110', 'Bagel - Everything Presliced', 91053, '2022-03-25 06:43:17', '2021-12-15 16:53:18'),
	(227, '3323568036', 'Water - San Pellegrino', 184428, '2022-04-09 11:16:32', '2022-04-29 12:21:11'),
	(228, '2307954775', 'Bread Base - Toscano', 150867, '2022-08-04 17:32:10', '2022-05-26 13:45:29'),
	(229, '7061627484', 'Persimmons', 115476, '2022-07-25 14:40:38', '2021-11-25 12:49:18'),
	(230, '3533654664', 'Bread - Sour Sticks With Onion', 159441, '2022-04-08 13:29:10', '2022-09-04 20:47:57'),
	(231, '0581382064', 'Oil - Food, Lacquer Spray', 167997, '2022-02-19 09:07:50', '2022-08-19 04:49:04'),
	(232, '9049990428', 'Bread - Rolls, Rye', 147104, '2022-10-02 17:22:29', '2022-02-05 16:22:54'),
	(233, '5404306300', 'Cheese - Cheddar, Mild', 30503, '2022-08-28 19:18:23', '2022-09-03 02:32:02'),
	(234, '7791218763', 'Lychee', 31660, '2022-05-20 10:34:59', '2022-02-10 21:16:13'),
	(235, '2019089262', 'Beans - Kidney, Canned', 178024, '2022-07-13 05:46:38', '2022-09-30 17:48:23'),
	(236, '1307447309', 'Island Oasis - Pina Colada', 97634, '2022-08-12 06:32:30', '2022-10-01 07:51:19'),
	(237, '4060738123', 'Pepsi - Diet, 355 Ml', 49994, '2022-08-05 13:14:54', '2022-09-16 02:04:21'),
	(238, '9243275968', 'Calypso - Strawberry Lemonade', 180133, '2022-07-11 20:50:11', '2022-10-22 18:36:48'),
	(239, '4380108562', 'Sugar - Cubes', 43272, '2022-03-01 20:19:42', '2021-12-24 18:35:51'),
	(240, '1107665566', 'The Pop Shoppe - Grape', 84195, '2022-04-06 00:10:27', '2022-08-17 20:12:40'),
	(241, '2233956826', 'Cranberry Foccacia', 125522, '2022-03-28 20:03:29', '2022-05-27 14:42:32'),
	(242, '8116619373', 'Lamb - Whole Head Off,nz', 80130, '2022-10-26 17:46:12', '2022-10-29 13:42:46'),
	(243, '5565397928', 'Potatoes - Mini Red', 110260, '2022-08-07 08:47:13', '2022-05-27 11:25:55'),
	(244, '3146730154', 'Carrots - Purple, Organic', 108084, '2022-05-08 00:49:20', '2022-09-02 02:13:07'),
	(245, '9322963697', 'Wine - Red, Metus Rose', 113347, '2022-09-13 03:39:55', '2022-02-10 12:41:56'),
	(246, '5582861025', 'Beef - Shank', 36430, '2022-03-08 16:46:18', '2022-07-01 09:19:05'),
	(247, '4892267619', 'Kiwano', 180257, '2022-08-29 10:44:51', '2022-08-25 07:34:35'),
	(248, '2039526285', 'Tray - Foam, Square 4 - S', 188927, '2021-12-31 04:07:31', '2022-10-08 01:56:32'),
	(249, '6237046674', 'Sprite, Diet - 355ml', 36838, '2022-09-14 13:16:47', '2022-02-13 06:29:59'),
	(250, '7979818512', 'Eggs - Extra Large', 37829, '2022-03-15 23:26:49', '2022-04-27 19:56:17'),
	(251, '3871708127', 'Basil - Primerba, Paste', 159864, '2022-10-21 18:33:05', '2021-12-15 13:44:29'),
	(252, '8743017312', 'Bread - Burger', 163572, '2022-03-11 11:37:22', '2022-03-28 10:06:33'),
	(253, '4402615194', 'Calvados - Boulard', 124777, '2022-08-27 15:50:46', '2022-01-11 14:53:07'),
	(254, '9423430465', 'Potatoes - Idaho 80 Count', 127756, '2022-01-18 01:30:38', '2022-10-08 22:15:56'),
	(255, '6258111009', 'Veal - Bones', 49441, '2022-01-10 16:42:15', '2022-08-08 22:18:33'),
	(256, '2889479323', 'Figs', 36422, '2022-10-05 10:10:53', '2022-03-15 01:00:59'),
	(257, '2490088912', 'Beets - Pickled', 158853, '2021-12-11 08:44:09', '2022-10-10 09:03:04'),
	(258, '3385140021', 'Beef - Ground, Extra Lean, Fresh', 98382, '2022-09-13 12:19:20', '2022-09-07 15:41:34'),
	(259, '9440077212', 'Mackerel Whole Fresh', 160227, '2022-01-31 19:48:23', '2022-09-19 09:29:28'),
	(260, '6289351788', 'Cod - Salted, Boneless', 97941, '2021-12-05 04:35:57', '2022-07-03 10:47:52'),
	(261, '7779817636', 'Lobak', 134464, '2022-02-11 07:44:50', '2022-01-12 09:55:03'),
	(262, '5804332333', 'Wine - Magnotta - Belpaese', 43048, '2022-04-05 19:59:36', '2022-02-14 19:41:01'),
	(263, '9064577382', 'Beef - Ground Medium', 47597, '2022-10-25 22:09:32', '2022-07-16 18:16:44'),
	(264, '6154288131', 'Wine - Barolo Fontanafredda', 87310, '2022-03-30 07:43:08', '2022-08-26 05:49:19'),
	(265, '9297070957', 'Pepper - Gypsy Pepper', 81867, '2022-09-13 06:08:07', '2022-04-18 23:57:01'),
	(266, '4524233954', 'Liquid Aminios Acid - Braggs', 196416, '2022-09-23 20:09:51', '2022-02-18 05:18:56'),
	(267, '1066673373', 'Chicken - Whole Roasting', 10792, '2022-09-29 13:28:59', '2022-05-16 11:01:51'),
	(268, '3449465147', 'Beer - True North Lager', 169152, '2022-07-20 12:16:39', '2022-04-01 14:32:18'),
	(269, '3617434231', 'Cheese - Feta', 31151, '2022-07-22 19:05:01', '2022-08-06 00:26:52'),
	(270, '3782421094', 'Pork - Sausage, Medium', 107623, '2022-09-19 23:46:28', '2022-03-26 07:18:11'),
	(271, '1445193043', 'Eel - Smoked', 123185, '2022-02-02 11:59:58', '2022-10-12 21:02:56'),
	(272, '8358378742', 'Red Currant Jelly', 163243, '2022-04-28 08:57:29', '2022-02-25 07:27:57'),
	(273, '6185886626', 'Soup - Campbells Asian Noodle', 86710, '2022-08-07 23:41:36', '2022-08-30 10:16:37'),
	(274, '9222426878', 'Eggplant - Asian', 37362, '2021-12-14 09:52:16', '2022-04-30 12:55:47'),
	(275, '5017623523', 'Pasta - Lasagna, Dry', 149215, '2022-03-23 02:37:40', '2022-08-05 16:44:47'),
	(276, '0578488744', 'Wine - Riesling Alsace Ac 2001', 145419, '2022-01-29 20:53:19', '2022-09-16 05:21:10'),
	(277, '3196385981', 'Jagermeister', 121888, '2021-11-13 11:55:21', '2022-07-30 14:22:46'),
	(278, '2386712907', 'Gelatine Leaves - Bulk', 191405, '2022-07-07 10:29:42', '2022-10-27 22:07:01'),
	(279, '4492518975', 'Table Cloth 54x72 White', 10349, '2022-10-10 22:05:51', '2021-11-11 03:15:37'),
	(280, '6212919569', 'Veal - Ground', 103901, '2022-06-09 14:14:59', '2021-11-16 10:48:36'),
	(281, '0706463633', 'Lettuce - Red Leaf', 28393, '2022-10-07 15:31:01', '2022-10-19 04:37:47'),
	(282, '2941657711', 'Dc - Frozen Momji', 47555, '2021-12-29 21:23:30', '2022-06-06 12:18:21'),
	(283, '9939024304', 'Lettuce - Red Leaf', 180220, '2022-09-14 22:07:37', '2021-12-03 23:21:09'),
	(284, '4258911852', 'Appetizer - Veg Assortment', 167530, '2022-09-15 08:51:29', '2022-04-12 15:23:27'),
	(285, '4249524604', 'Squid - U - 10 Thailand', 198445, '2022-04-15 21:19:06', '2022-10-09 22:40:55'),
	(286, '1359258345', 'Olives - Stuffed', 174931, '2022-03-16 09:09:49', '2022-07-22 02:55:50'),
	(287, '8492183055', 'Oil - Sesame', 179473, '2022-09-26 04:30:45', '2021-12-04 12:08:37'),
	(288, '4827266018', 'Truffle Shells - White Chocolate', 121678, '2022-04-02 03:17:40', '2021-11-12 20:35:31'),
	(289, '7175560605', 'Sugar - Invert', 32645, '2022-09-27 16:47:22', '2022-01-01 20:32:46'),
	(290, '3787225641', 'Foil Cont Round', 98154, '2022-02-05 12:18:28', '2022-01-28 13:40:52'),
	(291, '6116176720', 'Bread - Burger', 147747, '2022-01-17 04:44:00', '2022-01-24 07:42:04'),
	(292, '9965070261', 'Temperature Recording Station', 77849, '2022-01-09 13:56:47', '2022-04-14 06:33:50'),
	(293, '7771232604', 'Soup Campbells Mexicali Tortilla', 172832, '2022-02-12 15:56:31', '2022-08-09 00:35:25'),
	(294, '1289257310', 'Tarragon - Primerba, Paste', 147685, '2022-06-13 12:42:52', '2021-12-12 06:48:51'),
	(295, '1059056763', 'Ice Cream Bar - Drumstick', 70205, '2022-03-12 22:29:39', '2022-06-14 10:37:53'),
	(296, '3439605515', 'Soup - Campbells, Cream Of', 25300, '2022-02-18 15:25:03', '2022-02-13 18:37:59'),
	(297, '3443401309', 'Beef - Top Sirloin - Aaa', 55116, '2022-03-06 22:55:43', '2022-10-29 22:54:37'),
	(298, '9881969808', 'Dasheen', 152791, '2021-12-14 20:04:38', '2022-06-30 16:32:51'),
	(299, '0648544311', 'Parsley - Dried', 144492, '2021-12-16 13:32:36', '2022-08-08 09:31:15'),
	(300, '9974866286', 'Sauce - Demi Glace', 172382, '2022-04-26 03:56:26', '2022-10-22 03:49:09'),
	(301, '1795788038', 'Cocoa Butter', 107626, '2022-06-27 08:50:11', '2021-11-27 07:27:48'),
	(302, '6566842632', 'Blackberries', 35970, '2022-06-22 13:31:20', '2022-07-19 16:28:30'),
	(303, '3887129768', 'Wine - Bourgogne 2002, La', 94776, '2022-05-22 00:47:36', '2022-04-03 19:31:27'),
	(304, '5433000230', 'Sesame Seed', 198574, '2022-03-12 18:11:47', '2022-06-12 16:45:56'),
	(305, '3463714787', 'Pasta - Canelloni', 36137, '2022-02-02 22:05:51', '2021-12-12 20:26:16'),
	(306, '0789029146', 'Chocolate - Unsweetened', 131097, '2022-05-22 15:45:36', '2022-10-21 01:52:27'),
	(307, '6789679537', 'Pasta - Shells, Medium, Dry', 135210, '2022-02-11 21:52:52', '2022-03-03 14:56:38'),
	(308, '7822326015', 'Seabream Whole Farmed', 125238, '2022-06-22 15:13:50', '2022-07-07 20:28:47'),
	(309, '2678007561', 'Wine - Magnotta - Bel Paese White', 79663, '2022-10-05 11:59:48', '2022-09-03 10:34:39'),
	(310, '8465523045', 'Cheese - Brie,danish', 190396, '2022-09-29 06:50:13', '2022-02-05 12:28:26'),
	(311, '9650568794', 'Bread - Multigrain Oval', 43039, '2022-07-16 02:30:40', '2022-05-30 02:42:52'),
	(312, '4185307675', 'Wine - White, Concha Y Toro', 118511, '2022-04-01 19:15:20', '2021-12-14 18:18:43'),
	(313, '1607328968', 'Turkey Tenderloin Frozen', 76947, '2022-10-11 23:50:16', '2021-12-26 15:49:35'),
	(314, '6291372371', 'Mousse - Banana Chocolate', 165008, '2021-11-14 15:26:09', '2022-09-02 03:50:30'),
	(315, '1157724396', 'Pesto - Primerba, Paste', 32653, '2022-03-02 07:55:01', '2022-04-12 12:11:54'),
	(316, '2754560084', 'Squid Ink', 87235, '2022-01-09 16:20:24', '2022-06-10 12:54:38'),
	(317, '7232478895', 'Beer - Alexander Kieths, Pale Ale', 112520, '2022-07-14 10:23:58', '2022-02-26 15:42:05'),
	(318, '3841503810', 'Pate - Cognac', 163065, '2022-02-06 00:18:28', '2022-05-03 18:03:36'),
	(319, '9640323233', 'Wine - Red, Antinori Santa', 138393, '2022-03-23 14:15:39', '2022-02-01 22:00:33'),
	(320, '9848700005', 'French Pastry - Mini Chocolate', 103002, '2022-07-10 04:24:34', '2022-05-18 19:27:14'),
	(321, '7351880328', 'Jam - Strawberry, 20 Ml Jar', 161876, '2022-09-08 04:08:52', '2022-05-15 12:29:20'),
	(322, '4272749625', 'Hickory Smoke, Liquid', 34528, '2021-11-02 20:18:42', '2022-06-14 15:34:51'),
	(323, '9014989733', 'Pasta - Cannelloni, Sheets, Fresh', 32432, '2022-03-08 04:56:50', '2022-06-30 22:00:00'),
	(324, '0475076397', 'Veal - Heart', 156471, '2022-01-21 01:19:04', '2021-12-11 04:09:31'),
	(325, '3188831072', 'Canada Dry', 47278, '2022-01-30 01:31:14', '2022-02-09 21:12:48'),
	(326, '8780553559', 'Radish - Pickled', 93875, '2022-05-05 21:28:19', '2022-07-19 14:23:44'),
	(327, '6991201189', 'Rosemary - Primerba, Paste', 107641, '2022-03-02 20:00:27', '2022-09-08 09:16:22'),
	(328, '6742726261', 'Tart Shells - Savory, 4', 51327, '2022-05-31 08:10:47', '2022-01-24 12:24:02'),
	(329, '4268183116', 'Breakfast Quesadillas', 21322, '2021-11-06 09:34:12', '2021-12-07 08:08:39'),
	(330, '4199649131', 'Lamb - Ground', 148568, '2022-06-07 00:57:09', '2022-08-06 11:54:57'),
	(331, '4403408400', 'Tea - Camomele', 98472, '2022-01-10 07:03:15', '2021-11-19 14:21:19'),
	(332, '5740615933', 'Bar Mix - Lime', 143048, '2021-12-31 03:45:20', '2022-05-18 19:27:18'),
	(333, '4214652819', 'Tray - Foam, Square 4 - S', 161099, '2021-12-29 18:04:38', '2022-04-04 20:32:31'),
	(334, '7485168533', 'Vermouth - White, Cinzano', 78228, '2022-07-21 15:48:22', '2022-03-06 09:09:36'),
	(335, '3374341594', 'Wine - Barossa Valley Estate', 83001, '2022-04-01 16:15:39', '2022-06-22 16:19:04'),
	(336, '9625052488', 'Tea - Green', 68830, '2022-06-28 04:09:46', '2022-02-15 19:27:27'),
	(337, '5774169006', 'Chicken Thigh - Bone Out', 154260, '2022-01-21 06:43:37', '2022-06-09 06:58:26'),
	(338, '6407291445', 'Squid - U 5', 99123, '2022-08-08 11:28:41', '2022-09-04 15:13:33'),
	(339, '3337172474', 'Coffee - French Vanilla Frothy', 80612, '2022-03-26 05:32:17', '2022-06-09 01:21:23'),
	(340, '3142924922', 'Turkey - Whole, Fresh', 102491, '2022-05-07 07:11:20', '2022-05-09 07:27:42'),
	(341, '1097580164', 'Pasta - Canelloni, Single Serve', 16484, '2022-10-08 11:59:24', '2022-09-06 21:58:46'),
	(342, '8031268290', 'Lid - High Heat, Super Clear', 143688, '2022-10-19 16:44:06', '2022-05-27 13:50:55'),
	(343, '9767895485', 'Tea - Herbal Orange Spice', 36999, '2022-05-21 03:21:24', '2021-11-04 12:14:34'),
	(344, '5367360726', 'Sponge Cake Mix - Chocolate', 116042, '2022-04-15 03:23:37', '2022-08-07 23:51:13'),
	(345, '4336067902', 'Cocoa Powder - Dutched', 92965, '2022-09-14 21:50:05', '2022-08-03 07:34:32'),
	(346, '4228464882', 'Pasta - Lasagna, Dry', 85005, '2022-04-28 16:35:23', '2022-06-14 18:07:56'),
	(347, '5639963042', 'Bread - Hamburger Buns', 127136, '2021-12-07 18:24:29', '2022-06-20 13:38:55'),
	(348, '0446468495', 'Beef - Inside Round', 123424, '2022-10-22 23:42:40', '2022-04-09 23:52:54'),
	(349, '0418229473', 'Pan Grease', 40626, '2022-07-13 13:13:20', '2022-03-14 10:33:08'),
	(350, '1372366865', 'Calypso - Black Cherry Lemonade', 107282, '2022-02-16 09:07:26', '2022-04-21 15:32:14'),
	(351, '9864446053', 'Huck Towels White', 141304, '2021-11-29 17:53:16', '2022-06-24 17:18:32'),
	(352, '1266207740', 'Mcgillicuddy Vanilla Schnap', 120218, '2022-02-11 08:56:40', '2022-10-11 15:21:35'),
	(353, '8374404531', 'Wine - Masi Valpolocell', 106661, '2022-02-05 07:26:58', '2022-06-15 09:14:57'),
	(354, '3735058027', 'Steam Pan Full Lid', 38965, '2022-01-09 08:03:45', '2022-06-15 15:55:20'),
	(355, '1239834551', 'Soap - Pine Sol Floor Cleaner', 43850, '2022-09-08 15:46:19', '2021-12-02 09:26:24'),
	(356, '8391807010', 'Duck - Legs', 190099, '2022-02-06 00:13:33', '2022-07-09 22:40:36'),
	(357, '2983497895', 'Horseradish - Prepared', 126140, '2022-05-26 04:00:26', '2022-06-10 10:31:31'),
	(358, '1804328987', 'Dried Figs', 104891, '2022-10-17 23:51:29', '2021-12-11 17:24:32'),
	(359, '0733919561', 'Container - Hngd Cll Blk 7x7x3', 82024, '2022-04-17 00:49:17', '2022-10-09 01:02:13'),
	(360, '4063852709', 'Soup V8 Roasted Red Pepper', 123442, '2022-10-17 13:55:15', '2022-10-19 16:24:48'),
	(361, '2675690996', 'Veal - Provimi Inside', 192767, '2022-04-16 16:26:52', '2021-11-03 17:33:23'),
	(362, '2995391612', 'Truffle - Whole Black Peeled', 192191, '2021-12-27 10:28:55', '2022-10-18 14:49:12'),
	(363, '1884970842', 'Tarragon - Primerba, Paste', 195343, '2022-07-22 14:10:21', '2022-01-08 11:36:27'),
	(364, '2695247079', 'Squid U5 - Thailand', 132934, '2022-03-02 14:11:36', '2022-06-25 05:04:11'),
	(365, '9517169310', 'Soup Campbells - Italian Wedding', 34775, '2022-09-30 16:46:34', '2022-03-25 00:16:57'),
	(366, '8071560561', 'Crackers - Water', 20943, '2022-02-15 03:51:45', '2022-08-08 20:17:12'),
	(367, '2735836207', 'Rum - Dark, Bacardi, Black', 174511, '2022-07-05 09:51:42', '2022-05-15 16:39:46'),
	(368, '7997445269', 'Sun - Dried Tomatoes', 88705, '2022-04-10 21:49:16', '2022-06-25 14:19:07'),
	(369, '2523342855', 'Cookie Dough - Chunky', 63404, '2022-10-08 17:09:23', '2022-09-20 12:49:21'),
	(370, '3635683108', 'Lamb - Ground', 17021, '2021-11-20 01:42:07', '2021-11-09 22:32:51'),
	(371, '8996458104', 'Liquid Aminios Acid - Braggs', 199977, '2022-04-24 10:43:45', '2021-11-06 09:57:15'),
	(372, '7564058838', 'Cheese - Sheep Milk', 96202, '2022-05-31 02:44:27', '2021-11-18 16:04:59'),
	(373, '5574518376', 'Waffle Stix', 179969, '2022-09-28 22:55:52', '2022-02-19 13:23:11'),
	(374, '9997577981', 'Beer - Paulaner Hefeweisse', 143308, '2022-04-24 14:41:35', '2022-03-29 01:57:58'),
	(375, '8229862702', 'Foam Dinner Plate', 174505, '2021-11-24 08:54:28', '2022-09-19 20:42:44'),
	(376, '8126873477', 'Tea - Mint', 36229, '2021-11-21 01:26:28', '2022-01-27 17:32:14'),
	(377, '1454476648', 'Table Cloth 120 Round White', 33983, '2022-05-20 16:32:21', '2022-01-01 07:22:18'),
	(378, '6773850630', 'Beer - Sleemans Honey Brown', 125727, '2022-10-16 03:25:34', '2022-01-11 08:27:59'),
	(379, '9249212682', 'Basil - Primerba, Paste', 44602, '2022-06-25 19:07:07', '2022-01-24 00:41:18'),
	(380, '4696591867', 'Muffin Chocolate Individual Wrap', 152940, '2022-08-06 13:15:28', '2022-07-01 13:00:44'),
	(381, '0803844204', 'Orange Roughy 4/6 Oz', 31109, '2022-02-05 16:16:32', '2022-09-20 19:52:09'),
	(382, '2744538272', 'Pimento - Canned', 118328, '2022-01-09 17:26:50', '2022-07-29 16:37:26'),
	(383, '8699605986', 'Chip - Potato Dill Pickle', 35912, '2022-08-30 19:35:50', '2022-09-04 10:21:01'),
	(384, '7779101576', 'Mousse - Banana Chocolate', 39697, '2022-10-15 16:29:55', '2022-07-08 23:09:42'),
	(385, '4862732984', 'Lemon Tarts', 100123, '2022-10-30 10:13:55', '2022-09-25 12:38:37'),
	(386, '2322898384', 'Sage Ground Wiberg', 104998, '2022-07-18 15:45:25', '2021-12-10 23:32:49'),
	(387, '9839706136', 'Juice - Grapefruit, 341 Ml', 69920, '2021-11-05 10:10:02', '2022-03-19 00:57:50'),
	(388, '0016184106', 'Wine - Chablis 2003 Champs', 100000, '2022-05-24 05:01:39', '2022-12-09 13:54:05'),
	(389, '1596054522', 'Nantucket - Carrot Orange', 187345, '2021-12-05 20:46:47', '2022-01-08 11:34:05'),
	(390, '4652524587', 'Spice - Peppercorn Melange', 17708, '2022-07-12 08:40:56', '2021-12-09 05:11:30'),
	(391, '9584830155', 'Soup - Beef, Base Mix', 38347, '2022-08-02 19:32:51', '2022-05-13 11:29:51'),
	(392, '9364101707', 'Pork - Belly Fresh', 162800, '2022-09-25 23:56:20', '2022-10-26 19:05:58'),
	(393, '5326384914', 'Snapple - Iced Tea Peach', 152948, '2022-08-07 16:31:02', '2022-02-09 05:26:52'),
	(394, '9124936987', 'Chocolate - Dark', 104130, '2022-05-08 17:45:27', '2022-01-14 04:56:44'),
	(395, '7357156974', 'Bagels Poppyseed', 179906, '2021-12-21 13:27:27', '2021-12-30 04:39:24'),
	(396, '7278084393', 'Tomatoes - Plum, Canned', 20047, '2022-05-07 01:55:23', '2022-10-01 14:19:45'),
	(397, '7889916116', 'Lobster - Live', 172289, '2022-07-09 15:36:29', '2022-02-04 06:03:51'),
	(398, '8373040552', 'Beef - Bones, Marrow', 144897, '2022-01-12 19:00:32', '2022-06-19 09:24:27'),
	(399, '6625330019', 'Zucchini - Green', 23063, '2022-07-05 23:14:10', '2022-07-07 10:54:39'),
	(400, '6823647302', 'Sword Pick Asst', 159174, '2022-07-13 05:21:04', '2022-04-15 19:31:19'),
	(401, '6164400805', 'Cookies - Englishbay Chochip', 109620, '2022-06-12 05:02:36', '2022-08-08 00:38:57'),
	(402, '0426540557', 'Lamb Tenderloin Nz Fr', 66699, '2022-04-06 11:50:13', '2022-10-07 20:33:22'),
	(403, '0253166683', 'Oven Mitts - 15 Inch', 102921, '2021-11-20 13:29:41', '2021-12-26 01:36:09'),
	(404, '3631306318', 'Gingerale - Schweppes, 355 Ml', 196126, '2022-07-27 02:29:03', '2022-08-24 22:25:31'),
	(405, '4160261949', 'Truffle Cups - White Paper', 63275, '2022-08-28 17:55:09', '2022-05-29 05:02:33'),
	(406, '8576827921', 'Glove - Cutting', 47936, '2021-12-14 12:29:25', '2022-01-16 08:58:09'),
	(407, '2689523108', 'Flour - All Purpose', 187169, '2022-03-11 07:34:10', '2021-11-26 12:12:11'),
	(408, '0277347602', 'Lemon Pepper', 78075, '2022-10-17 12:38:30', '2022-03-05 12:11:11'),
	(409, '4913274139', 'Bread - 10 Grain', 121242, '2022-04-16 12:42:28', '2022-02-15 00:40:16'),
	(410, '4623912906', 'Sea Bass - Whole', 120267, '2022-10-30 10:39:34', '2022-09-02 01:10:45'),
	(411, '2115356179', 'Dry Ice', 180583, '2022-03-06 12:31:16', '2022-05-25 14:50:35'),
	(412, '6014091114', 'Nut - Pecan, Pieces', 172945, '2022-01-05 22:46:13', '2022-08-13 04:41:16'),
	(414, '8425822637', 'Waffle Stix', 15159, '2022-10-23 05:53:12', '2022-04-06 00:02:34'),
	(415, '3373199379', 'Syrup - Monin - Passion Fruit', 148583, '2022-07-11 21:44:04', '2022-10-30 09:21:58'),
	(416, '3794162595', 'Wine - Hardys Bankside Shiraz', 43830, '2022-06-19 01:40:00', '2022-09-24 01:35:40'),
	(417, '7217287162', 'Pasta - Rotini, Dry', 28836, '2021-12-29 13:51:42', '2021-12-26 16:23:39'),
	(418, '6610536503', 'Anisette - Mcguiness', 190177, '2022-07-02 22:44:04', '2021-11-04 01:07:00'),
	(419, '9502676815', 'Dome Lid Clear P92008h', 154376, '2022-08-06 20:08:09', '2022-01-21 18:46:40'),
	(420, '8042944020', 'Vinegar - Raspberry', 145508, '2022-05-09 16:17:58', '2022-01-11 21:44:33'),
	(421, '4414972949', 'Shrimp - 31/40', 190224, '2022-05-15 23:57:49', '2022-09-05 17:54:12'),
	(422, '3265217736', 'Extract - Vanilla,artificial', 72427, '2022-05-11 15:01:33', '2022-07-19 13:13:14'),
	(423, '4225153185', 'Soup Campbells Split Pea And Ham', 107497, '2022-04-02 02:56:29', '2022-08-20 17:16:37'),
	(424, '2326827473', 'Bagelers', 108135, '2022-05-02 22:31:41', '2022-05-08 01:25:55'),
	(425, '0061157430', 'Pasta - Cannelloni, Sheets, Fresh', 187385, '2021-11-24 12:54:39', '2022-07-01 09:44:20'),
	(426, '4033101721', 'Tandoori Curry Paste', 81732, '2021-12-10 03:18:08', '2022-04-17 04:21:05'),
	(427, '9537451607', 'Cleaner - Bleach', 124128, '2021-11-02 20:38:00', '2022-02-10 21:49:58'),
	(428, '3081989779', 'Chicken Breast Wing On', 192091, '2022-08-29 07:32:35', '2022-07-10 15:17:41'),
	(429, '2546408380', 'Oranges - Navel, 72', 64601, '2022-09-13 07:44:19', '2022-03-12 19:33:45'),
	(430, '0209884827', 'Magnotta - Bel Paese White', 41354, '2021-11-21 23:50:23', '2022-01-25 21:41:30'),
	(431, '8832621401', 'Soup - Campbells, Beef Barley', 116921, '2022-02-26 19:06:14', '2022-03-01 12:04:08'),
	(432, '0883054337', 'Cotton Wet Mop 16 Oz', 76305, '2022-08-21 17:47:50', '2022-02-16 22:38:00'),
	(433, '8122210333', 'Banana - Green', 40962, '2022-07-09 19:49:28', '2022-08-15 21:21:57'),
	(434, '2660779015', 'Rosemary - Primerba, Paste', 66965, '2022-09-07 03:44:03', '2021-12-28 01:06:03'),
	(435, '7137663052', 'Urban Zen Drinks', 47250, '2022-07-17 20:11:53', '2021-12-29 08:57:18'),
	(436, '8450927986', 'Salmon - Canned', 73298, '2021-11-06 07:39:49', '2022-07-04 19:27:07'),
	(437, '8568916252', 'Lettuce - Sea / Sea Asparagus', 144981, '2022-04-01 04:28:01', '2022-06-19 19:40:39'),
	(438, '9411473288', 'Ecolab - Mikroklene 4/4 L', 156661, '2022-10-06 18:17:34', '2022-09-13 15:03:26'),
	(439, '4922341730', 'Table Cloth 54x72 Colour', 118702, '2021-11-27 21:45:18', '2022-03-17 13:46:16'),
	(440, '8015221730', 'Orange - Canned, Mandarin', 36259, '2022-02-07 06:13:22', '2022-01-01 12:17:14'),
	(441, '5761955695', 'Beef - Rib Roast, Cap On', 113236, '2022-10-30 01:17:00', '2022-04-21 12:21:22'),
	(442, '1485871646', 'Green Scrubbie Pad H.duty', 194656, '2022-07-27 19:16:12', '2022-04-28 21:23:12'),
	(443, '0977683346', 'Bread - English Muffin', 64897, '2022-02-08 09:37:44', '2022-01-10 00:50:05'),
	(444, '6560834018', 'Tart Shells - Savory, 4', 38664, '2022-09-17 10:53:12', '2022-05-19 02:27:56'),
	(445, '7885711285', 'Slt - Individual Portions', 84519, '2021-11-03 08:44:38', '2021-11-15 19:15:51'),
	(446, '3850976149', 'Cake - Dulce De Leche', 199886, '2022-03-09 05:51:08', '2022-02-24 16:49:21'),
	(447, '0040153797', 'Wine - White, Concha Y Toro', 104321, '2022-03-04 02:44:33', '2022-04-25 00:13:29'),
	(448, '0525427759', 'Dry Ice', 54429, '2022-06-10 17:54:02', '2022-01-30 12:31:31'),
	(449, '9833632688', 'Wine - Red, Pelee Island Merlot', 80278, '2022-02-22 02:52:28', '2021-11-19 21:58:23'),
	(450, '6656705448', 'Mushroom - Lg - Cello', 176340, '2022-06-29 01:10:11', '2022-08-31 00:06:16'),
	(451, '5791768753', 'Curry Paste - Madras', 30290, '2022-02-11 08:20:06', '2022-06-23 09:06:22'),
	(452, '2188867408', 'Cheese - Ermite Bleu', 144623, '2022-09-17 13:44:54', '2022-02-27 03:52:56'),
	(453, '1884039383', 'Apple - Royal Gala', 85702, '2022-08-28 11:59:43', '2022-06-18 02:18:52'),
	(454, '8640208786', 'Wine - Magnotta - Cab Franc', 33473, '2022-07-24 11:22:53', '2022-06-02 06:16:13'),
	(455, '6740842302', 'Tray - 12in Rnd Blk', 97782, '2022-07-08 14:41:23', '2022-01-26 00:28:20'),
	(456, '6119741380', 'Cod - Black Whole Fillet', 186161, '2021-12-15 02:19:15', '2022-10-26 10:11:41'),
	(457, '6438990841', 'Lemonade - Natural, 591 Ml', 40014, '2022-06-20 09:51:19', '2022-07-30 05:01:42'),
	(458, '1149649607', 'Muffin Batt - Ban Dream Zero', 90684, '2022-06-24 18:39:48', '2021-11-06 23:57:35'),
	(459, '6534566214', 'Wine - Chateauneuf Du Pape', 145513, '2021-11-21 04:29:49', '2022-05-14 11:45:32'),
	(460, '1716291895', 'Sprouts - Onion', 137995, '2022-01-30 19:10:09', '2021-11-29 15:11:54'),
	(461, '6816328965', 'Bagel - Everything', 123493, '2021-11-04 16:47:42', '2022-07-31 03:14:18'),
	(462, '5971766554', 'Water - Spring 1.5lit', 89907, '2022-06-05 01:27:01', '2021-12-18 04:30:12'),
	(463, '4491104131', 'Wine - Chardonnay South', 65272, '2022-10-11 11:07:35', '2022-09-25 21:57:03'),
	(464, '8304007282', 'Pear - Asian', 21985, '2022-05-06 09:39:32', '2022-03-12 18:05:30'),
	(465, '5897486557', 'Lobak', 192660, '2022-01-10 14:50:19', '2022-06-07 00:01:49'),
	(466, '0779922107', 'Dasheen', 87921, '2022-05-29 10:56:30', '2022-07-22 11:40:58'),
	(467, '4379170780', 'Beef - Top Butt', 58232, '2021-12-24 18:08:43', '2022-06-23 08:32:29'),
	(468, '3848094789', 'Bread - Hamburger Buns', 96378, '2022-10-07 20:46:02', '2022-04-09 04:10:43'),
	(469, '3938845465', 'Clams - Canned', 190640, '2022-08-20 17:08:30', '2022-10-14 23:59:44'),
	(470, '4347186185', 'Goulash Seasoning', 79470, '2022-05-03 15:21:10', '2022-08-02 11:17:20'),
	(471, '8405542655', 'Nantucket Apple Juice', 179679, '2022-06-29 20:04:26', '2022-05-19 08:24:40'),
	(472, '9554999747', 'Cream - 18%', 32725, '2022-10-02 14:50:38', '2022-03-15 07:01:04'),
	(473, '0780701542', 'Radish - Black, Winter, Organic', 102865, '2022-02-27 11:14:44', '2022-10-29 15:08:32'),
	(474, '5981860618', 'Table Cloth 81x81 Colour', 122665, '2022-04-05 22:57:36', '2022-08-23 06:08:49'),
	(475, '2904967990', 'Muffin Batt - Carrot Spice', 111433, '2022-05-21 19:35:32', '2021-10-31 04:58:49'),
	(476, '7714510145', 'Trueblue - Blueberry', 61288, '2022-05-21 11:48:42', '2022-02-28 23:44:47'),
	(477, '7798387714', 'Veal - Osso Bucco', 139863, '2022-03-16 23:37:05', '2022-09-27 10:48:13'),
	(478, '6833690367', 'Nut - Walnut, Pieces', 113559, '2022-06-20 11:00:57', '2022-07-25 10:20:09'),
	(479, '0354382454', 'Bread - Mini Hamburger Bun', 141489, '2022-03-31 01:17:46', '2021-10-31 01:13:43'),
	(480, '6491492036', 'Asparagus - Frozen', 126305, '2022-08-02 04:58:39', '2022-01-04 23:35:50'),
	(481, '4397877939', 'Bowl 12 Oz - Showcase 92012', 11091, '2022-08-26 07:06:39', '2022-03-24 06:45:37'),
	(482, '8977298989', 'Soupcontfoam16oz 116con', 111748, '2021-11-13 11:22:34', '2021-12-21 21:24:14'),
	(483, '8552461757', 'Ice Cream Bar - Hagen Daz', 189935, '2022-02-24 02:50:37', '2022-04-20 08:44:30'),
	(484, '4119215385', 'Veal - Inside', 161292, '2022-02-14 19:15:11', '2022-10-29 00:18:33'),
	(485, '3222921865', 'Carrots - Mini, Stem On', 34584, '2022-05-02 21:02:17', '2022-09-26 14:26:22'),
	(486, '4617685316', 'Gooseberry', 97967, '2022-02-16 21:47:24', '2022-03-17 06:09:22'),
	(487, '8406108428', 'Soup - Campbells, Spinach Crm', 196699, '2022-02-12 05:48:42', '2022-07-15 06:07:10'),
	(488, '1626990166', 'Kumquat', 58002, '2022-08-24 15:46:42', '2022-08-22 08:28:05'),
	(489, '8441838305', 'Squid U5 - Thailand', 153864, '2022-10-30 12:53:53', '2022-06-01 12:14:47'),
	(490, '7228829174', 'Turnip - White', 113197, '2022-04-26 16:33:26', '2022-04-16 23:03:53'),
	(491, '9605699249', 'Scallops - U - 10', 163391, '2022-02-24 17:27:47', '2022-07-06 06:42:55'),
	(492, '9987466850', 'Sugar - Cubes', 104099, '2021-12-07 12:31:11', '2022-10-03 18:38:43'),
	(493, '8145095832', 'Milk Powder', 57804, '2022-01-08 07:37:15', '2022-03-12 10:24:18'),
	(494, '9045494507', 'Wine - Red, Pinot Noir, Chateau', 116746, '2022-06-19 12:45:44', '2022-05-28 16:32:59'),
	(495, '6641777766', 'Cherries - Maraschino,jar', 78890, '2022-01-15 22:11:19', '2022-10-24 17:02:39'),
	(496, '9323540757', 'Beef - Diced', 131634, '2022-04-11 06:41:10', '2021-12-04 13:44:09'),
	(497, '1423241010', 'Onions - Red', 58232, '2022-02-26 17:57:45', '2022-10-02 23:37:58'),
	(498, '9623902956', 'Chocolate - Liqueur Cups With Foil', 141897, '2022-10-27 08:37:32', '2022-02-02 22:53:34'),
	(499, '8341494930', 'Cranberries - Dry', 155636, '2022-03-30 11:11:00', '2022-01-07 04:21:34'),
	(500, '0724340289', 'Table Cloth 54x54 White', 131468, '2022-10-14 00:16:07', '2022-07-27 22:44:01'),
	(501, 'K123', 'laptop', 5000000, '2022-11-05 12:00:47', '2022-11-05 12:00:47'),
	(502, 'K123', 'laptop', 5000000, NULL, NULL),
	(503, '123', 'laptop MSI', 5000000, NULL, NULL),
	(504, '1234', 'laptop MSI', 32028, NULL, NULL),
	(505, '1123', 'Laptop Gigabyte', 7000000, '2022-11-05 14:37:26', '2022-11-05 14:37:26'),
	(506, 'VG001', 'Asus RTX 4090', 21000000, '2022-12-10 10:33:40', '2022-12-10 10:33:40');

/*!40103 SET TIME_ZONE=IFNULL(@OLD_TIME_ZONE, 'system') */;
/*!40101 SET SQL_MODE=IFNULL(@OLD_SQL_MODE, '') */;
/*!40014 SET FOREIGN_KEY_CHECKS=IFNULL(@OLD_FOREIGN_KEY_CHECKS, 1) */;
/*!40101 SET CHARACTER_SET_CLIENT=@OLD_CHARACTER_SET_CLIENT */;
/*!40111 SET SQL_NOTES=IFNULL(@OLD_SQL_NOTES, 1) */;
